Date,Open,High,Low,Close,Volume,Dividends,Stock Splits,Capital Gains
2024-02-15 00:00:00-05:00,26.953189849853516,26.953189849853516,26.953189849853516,26.953189849853516,0,0.0,0.0,0.0
2024-02-16 00:00:00-05:00,26.845088958740234,26.845088958740234,26.845088958740234,26.845088958740234,0,0.0,0.0,0.0
2024-02-20 00:00:00-05:00,26.764013290405273,26.764013290405273,26.764013290405273,26.764013290405273,0,0.0,0.0,0.0
2024-02-21 00:00:00-05:00,26.845088958740234,26.845088958740234,26.845088958740234,26.845088958740234,0,0.0,0.0,0.0
2024-02-22 00:00:00-05:00,27.14236831665039,27.14236831665039,27.14236831665039,27.14236831665039,0,0.0,0.0,0.0
2024-02-23 00:00:00-05:00,27.259477615356445,27.259477615356445,27.259477615356445,27.259477615356445,0,0.0,0.0,0.0
2024-02-26 00:00:00-05:00,27.367576599121094,27.367576599121094,27.367576599121094,27.367576599121094,0,0.0,0.0,0.0
2024-02-27 00:00:00-05:00,27.574771881103516,27.574771881103516,27.574771881103516,27.574771881103516,0,0.0,0.0,0.0
2024-02-28 00:00:00-05:00,27.754940032958984,27.754940032958984,27.754940032958984,27.754940032958984,0,0.0,0.0,0.0
2024-02-29 00:00:00-05:00,27.727914810180664,27.727914810180664,27.727914810180664,27.727914810180664,0,0.0,0.0,0.0
2024-03-01 00:00:00-05:00,27.754940032958984,27.754940032958984,27.754940032958984,27.754940032958984,0,0.0,0.0,0.0
2024-03-04 00:00:00-05:00,27.763948440551758,27.763948440551758,27.763948440551758,27.763948440551758,0,0.0,0.0,0.0
2024-03-05 00:00:00-05:00,27.74593162536621,27.74593162536621,27.74593162536621,27.74593162536621,0,0.0,0.0,0.0
2024-03-06 00:00:00-05:00,27.8179988861084,27.8179988861084,27.8179988861084,27.8179988861084,0,0.0,0.0,0.0
2024-03-07 00:00:00-05:00,27.74593162536621,27.74593162536621,27.74593162536621,27.74593162536621,0,0.0,0.0,0.0
2024-03-08 00:00:00-05:00,27.69188117980957,27.69188117980957,27.69188117980957,27.69188117980957,0,0.0,0.0,0.0
2024-03-11 00:00:00-04:00,27.718908309936523,27.718908309936523,27.718908309936523,27.718908309936523,0,0.0,0.0,0.0
2024-03-12 00:00:00-04:00,27.890066146850586,27.890066146850586,27.890066146850586,27.890066146850586,0,0.0,0.0,0.0
2024-03-13 00:00:00-04:00,27.98015022277832,27.98015022277832,27.98015022277832,27.98015022277832,0,0.0,0.0,0.0
2024-03-14 00:00:00-04:00,27.908082962036133,27.908082962036133,27.908082962036133,27.908082962036133,0,0.0,0.0,0.0
2024-03-15 00:00:00-04:00,27.935108184814453,27.935108184814453,27.935108184814453,27.935108184814453,0,0.0,0.0,0.0
2024-03-18 00:00:00-04:00,27.953126907348633,27.953126907348633,27.953126907348633,27.953126907348633,0,0.0,0.0,0.0
2024-03-19 00:00:00-04:00,28.169326782226562,28.169326782226562,28.169326782226562,28.169326782226562,0,0.0,0.0,0.0
2024-03-20 00:00:00-04:00,28.42156219482422,28.42156219482422,28.42156219482422,28.42156219482422,0,0.0,0.0,0.0
2024-03-21 00:00:00-04:00,28.565696716308594,28.565696716308594,28.565696716308594,28.565696716308594,0,0.0,0.0,0.0
2024-03-22 00:00:00-04:00,28.484622955322266,28.484622955322266,28.484622955322266,28.484622955322266,0,0.0,0.0,0.0
2024-03-25 00:00:00-04:00,28.322471618652344,28.322471618652344,28.322471618652344,28.322471618652344,0,0.0,0.0,0.0
2024-03-26 00:00:00-04:00,28.42156219482422,28.42156219482422,28.42156219482422,28.42156219482422,0,0.0,0.0,0.0
2024-03-27 00:00:00-04:00,28.60173225402832,28.60173225402832,28.60173225402832,28.60173225402832,0,0.0,0.0,0.0
2024-03-28 00:00:00-04:00,28.637765884399414,28.637765884399414,28.637765884399414,28.637765884399414,0,0.0,0.0,0.0
2024-04-01 00:00:00-04:00,28.54768180847168,28.54768180847168,28.54768180847168,28.54768180847168,0,0.0,0.0,0.0
2024-04-02 00:00:00-04:00,28.493629455566406,28.493629455566406,28.493629455566406,28.493629455566406,0,0.0,0.0,0.0
2024-04-03 00:00:00-04:00,28.39453887939453,28.39453887939453,28.39453887939453,28.39453887939453,0,0.0,0.0,0.0
2024-04-04 00:00:00-04:00,28.052217483520508,28.052217483520508,28.052217483520508,28.052217483520508,0,0.0,0.0,0.0
2024-04-05 00:00:00-04:00,28.34949493408203,28.34949493408203,28.34949493408203,28.34949493408203,0,0.0,0.0,0.0
2024-04-08 00:00:00-04:00,28.340486526489258,28.340486526489258,28.340486526489258,28.340486526489258,0,0.0,0.0,0.0
2024-04-09 00:00:00-04:00,28.223379135131836,28.223379135131836,28.223379135131836,28.223379135131836,0,0.0,0.0,0.0
2024-04-10 00:00:00-04:00,28.06122589111328,28.06122589111328,28.06122589111328,28.06122589111328,0,0.0,0.0,0.0
2024-04-11 00:00:00-04:00,27.98015022277832,27.98015022277832,27.98015022277832,27.98015022277832,0,0.0,0.0,0.0
2024-04-12 00:00:00-04:00,27.718908309936523,27.718908309936523,27.718908309936523,27.718908309936523,0,0.0,0.0,0.0
2024-04-15 00:00:00-04:00,27.475679397583008,27.475679397583008,27.475679397583008,27.475679397583008,0,0.0,0.0,0.0
2024-04-16 00:00:00-04:00,27.511714935302734,27.511714935302734,27.511714935302734,27.511714935302734,0,0.0,0.0,0.0
2024-04-17 00:00:00-04:00,27.502704620361328,27.502704620361328,27.502704620361328,27.502704620361328,0,0.0,0.0,0.0
2024-04-18 00:00:00-04:00,27.502704620361328,27.502704620361328,27.502704620361328,27.502704620361328,0,0.0,0.0,0.0
2024-04-19 00:00:00-04:00,27.538738250732422,27.538738250732422,27.538738250732422,27.538738250732422,0,0.0,0.0,0.0
2024-04-22 00:00:00-04:00,27.601797103881836,27.601797103881836,27.601797103881836,27.601797103881836,0,0.0,0.0,0.0
2024-04-23 00:00:00-04:00,27.682872772216797,27.682872772216797,27.682872772216797,27.682872772216797,0,0.0,0.0,0.0
2024-04-24 00:00:00-04:00,27.718908309936523,27.718908309936523,27.718908309936523,27.718908309936523,0,0.0,0.0,0.0
2024-04-25 00:00:00-04:00,27.74593162536621,27.74593162536621,27.74593162536621,27.74593162536621,0,0.0,0.0,0.0
2024-04-26 00:00:00-04:00,27.74593162536621,27.74593162536621,27.74593162536621,27.74593162536621,0,0.0,0.0,0.0
2024-04-29 00:00:00-04:00,27.736923217773438,27.736923217773438,27.736923217773438,27.736923217773438,0,0.0,0.0,0.0
2024-04-30 00:00:00-04:00,27.520719528198242,27.520719528198242,27.520719528198242,27.520719528198242,0,0.0,0.0,0.0
2024-05-01 00:00:00-04:00,27.475679397583008,27.475679397583008,27.475679397583008,27.475679397583008,0,0.0,0.0,0.0
2024-05-02 00:00:00-04:00,27.511714935302734,27.511714935302734,27.511714935302734,27.511714935302734,0,0.0,0.0,0.0
2024-05-03 00:00:00-04:00,27.646839141845703,27.646839141845703,27.646839141845703,27.646839141845703,0,0.0,0.0,0.0
2024-05-06 00:00:00-04:00,27.935108184814453,27.935108184814453,27.935108184814453,27.935108184814453,0,0.0,0.0,0.0
2024-05-07 00:00:00-04:00,27.935108184814453,27.935108184814453,27.935108184814453,27.935108184814453,0,0.0,0.0,0.0
2024-05-08 00:00:00-04:00,27.98015022277832,27.98015022277832,27.98015022277832,27.98015022277832,0,0.0,0.0,0.0
2024-05-09 00:00:00-04:00,28.13329315185547,28.13329315185547,28.13329315185547,28.13329315185547,0,0.0,0.0,0.0
2024-05-10 00:00:00-04:00,28.142301559448242,28.142301559448242,28.142301559448242,28.142301559448242,0,0.0,0.0,0.0
2024-05-13 00:00:00-04:00,27.944116592407227,27.944116592407227,27.944116592407227,27.944116592407227,0,0.0,0.0,0.0
2024-05-14 00:00:00-04:00,27.92609977722168,27.92609977722168,27.92609977722168,27.92609977722168,0,0.0,0.0,0.0
2024-05-15 00:00:00-04:00,27.98015022277832,27.98015022277832,27.98015022277832,27.98015022277832,0,0.0,0.0,0.0
2024-05-16 00:00:00-04:00,27.944116592407227,27.944116592407227,27.944116592407227,27.944116592407227,0,0.0,0.0,0.0
2024-05-17 00:00:00-04:00,27.998167037963867,27.998167037963867,27.998167037963867,27.998167037963867,0,0.0,0.0,0.0
2024-05-20 00:00:00-04:00,27.881059646606445,27.881059646606445,27.881059646606445,27.881059646606445,0,0.0,0.0,0.0
2024-05-21 00:00:00-04:00,27.808992385864258,27.808992385864258,27.808992385864258,27.808992385864258,0,0.0,0.0,0.0
2024-05-22 00:00:00-04:00,27.77295684814453,27.77295684814453,27.77295684814453,27.77295684814453,0,0.0,0.0,0.0
2024-05-23 00:00:00-04:00,27.61080551147461,27.61080551147461,27.61080551147461,27.61080551147461,0,0.0,0.0,0.0
2024-05-24 00:00:00-04:00,27.917091369628906,27.917091369628906,27.917091369628906,27.917091369628906,0,0.0,0.0,0.0
2024-05-28 00:00:00-04:00,27.69188117980957,27.69188117980957,27.69188117980957,27.69188117980957,0,0.0,0.0,0.0
2024-05-29 00:00:00-04:00,27.565763473510742,27.565763473510742,27.565763473510742,27.565763473510742,0,0.0,0.0,0.0
2024-05-30 00:00:00-04:00,27.736923217773438,27.736923217773438,27.736923217773438,27.736923217773438,0,0.0,0.0,0.0
2024-05-31 00:00:00-04:00,27.87204933166504,27.87204933166504,27.87204933166504,27.87204933166504,0,0.0,0.0,0.0
2024-06-03 00:00:00-04:00,27.881059646606445,27.881059646606445,27.881059646606445,27.881059646606445,0,0.0,0.0,0.0
2024-06-04 00:00:00-04:00,27.92609977722168,27.92609977722168,27.92609977722168,27.92609977722168,0,0.0,0.0,0.0
2024-06-05 00:00:00-04:00,28.088253021240234,28.088253021240234,28.088253021240234,28.088253021240234,0,0.0,0.0,0.0
2024-06-06 00:00:00-04:00,27.998167037963867,27.998167037963867,27.998167037963867,27.998167037963867,0,0.0,0.0,0.0
2024-06-07 00:00:00-04:00,28.00717544555664,28.00717544555664,28.00717544555664,28.00717544555664,0,0.0,0.0,0.0
2024-06-10 00:00:00-04:00,28.02519416809082,28.02519416809082,28.02519416809082,28.02519416809082,0,0.0,0.0,0.0
2024-06-11 00:00:00-04:00,28.016185760498047,28.016185760498047,28.016185760498047,28.016185760498047,0,0.0,0.0,0.0
2024-06-12 00:00:00-04:00,28.043209075927734,28.043209075927734,28.043209075927734,28.043209075927734,0,0.0,0.0,0.0
2024-06-13 00:00:00-04:00,28.02519416809082,28.02519416809082,28.02519416809082,28.02519416809082,0,0.0,0.0,0.0
2024-06-14 00:00:00-04:00,27.953126907348633,27.953126907348633,27.953126907348633,27.953126907348633,0,0.0,0.0,0.0
2024-06-17 00:00:00-04:00,28.36751365661621,28.36751365661621,28.36751365661621,28.36751365661621,0,0.0,0.0,0.0
2024-06-18 00:00:00-04:00,28.475614547729492,28.475614547729492,28.475614547729492,28.475614547729492,0,0.0,0.0,0.0
2024-06-20 00:00:00-04:00,28.58371353149414,28.58371353149414,28.58371353149414,28.58371353149414,0,0.0,0.0,0.0
2024-06-21 00:00:00-04:00,28.592723846435547,28.592723846435547,28.592723846435547,28.592723846435547,0,0.0,0.0,0.0
2024-06-24 00:00:00-04:00,28.718839645385742,28.718839645385742,28.718839645385742,28.718839645385742,0,0.0,0.0,0.0
2024-06-25 00:00:00-04:00,28.538671493530273,28.538671493530273,28.538671493530273,28.538671493530273,0,0.0,0.0,0.0
2024-06-26 00:00:00-04:00,28.439579010009766,28.439579010009766,28.439579010009766,28.439579010009766,0,0.0,0.0,0.0
2024-06-27 00:00:00-04:00,28.36751365661621,28.36751365661621,28.36751365661621,28.36751365661621,0,0.0,0.0,0.0
2024-06-28 00:00:00-04:00,28.277427673339844,28.277427673339844,28.277427673339844,28.277427673339844,0,0.0,0.0,0.0
2024-07-01 00:00:00-04:00,27.971141815185547,27.971141815185547,27.971141815185547,27.971141815185547,0,0.0,0.0,0.0
2024-07-02 00:00:00-04:00,28.00717544555664,28.00717544555664,28.00717544555664,28.00717544555664,0,0.0,0.0,0.0
2024-07-03 00:00:00-04:00,27.989158630371094,27.989158630371094,27.989158630371094,27.989158630371094,0,0.0,0.0,0.0
2024-07-05 00:00:00-04:00,27.998167037963867,27.998167037963867,27.998167037963867,27.998167037963867,0,0.0,0.0,0.0
2024-07-08 00:00:00-04:00,28.016185760498047,28.016185760498047,28.016185760498047,28.016185760498047,0,0.0,0.0,0.0
2024-07-09 00:00:00-04:00,27.890066146850586,27.890066146850586,27.890066146850586,27.890066146850586,0,0.0,0.0,0.0
2024-07-10 00:00:00-04:00,28.00717544555664,28.00717544555664,28.00717544555664,28.00717544555664,0,0.0,0.0,0.0
2024-07-11 00:00:00-04:00,28.232385635375977,28.232385635375977,28.232385635375977,28.232385635375977,0,0.0,0.0,0.0
2024-07-12 00:00:00-04:00,28.403545379638672,28.403545379638672,28.403545379638672,28.403545379638672,0,0.0,0.0,0.0
2024-07-15 00:00:00-04:00,28.44858741760254,28.44858741760254,28.44858741760254,28.44858741760254,0,0.0,0.0,0.0
2024-07-16 00:00:00-04:00,28.7098331451416,28.7098331451416,28.7098331451416,28.7098331451416,0,0.0,0.0,0.0
2024-07-17 00:00:00-04:00,28.673799514770508,28.673799514770508,28.673799514770508,28.673799514770508,0,0.0,0.0,0.0
2024-07-18 00:00:00-04:00,28.322471618652344,28.322471618652344,28.322471618652344,28.322471618652344,0,0.0,0.0,0.0
2024-07-19 00:00:00-04:00,28.169326782226562,28.169326782226562,28.169326782226562,28.169326782226562,0,0.0,0.0,0.0
2024-07-22 00:00:00-04:00,28.358503341674805,28.358503341674805,28.358503341674805,28.358503341674805,0,0.0,0.0,0.0
2024-07-23 00:00:00-04:00,28.232385635375977,28.232385635375977,28.232385635375977,28.232385635375977,0,0.0,0.0,0.0
2024-07-24 00:00:00-04:00,28.03420066833496,28.03420066833496,28.03420066833496,28.03420066833496,0,0.0,0.0,0.0
2024-07-25 00:00:00-04:00,28.151309967041016,28.151309967041016,28.151309967041016,28.151309967041016,0,0.0,0.0,0.0
2024-07-26 00:00:00-04:00,28.430572509765625,28.430572509765625,28.430572509765625,28.430572509765625,0,0.0,0.0,0.0
2024-07-29 00:00:00-04:00,28.511646270751953,28.511646270751953,28.511646270751953,28.511646270751953,0,0.0,0.0,0.0
2024-07-30 00:00:00-04:00,28.700824737548828,28.700824737548828,28.700824737548828,28.700824737548828,0,0.0,0.0,0.0
2024-07-31 00:00:00-04:00,28.58371353149414,28.58371353149414,28.58371353149414,28.58371353149414,0,0.0,0.0,0.0
2024-08-01 00:00:00-04:00,28.61073875427246,28.61073875427246,28.61073875427246,28.61073875427246,0,0.0,0.0,0.0
2024-08-02 00:00:00-04:00,28.484622955322266,28.484622955322266,28.484622955322266,28.484622955322266,0,0.0,0.0,0.0
2024-08-05 00:00:00-04:00,27.935108184814453,27.935108184814453,27.935108184814453,27.935108184814453,0,0.0,0.0,0.0
2024-08-06 00:00:00-04:00,28.043209075927734,28.043209075927734,28.043209075927734,28.043209075927734,0,0.0,0.0,0.0
2024-08-07 00:00:00-04:00,27.944116592407227,27.944116592407227,27.944116592407227,27.944116592407227,0,0.0,0.0,0.0
2024-08-08 00:00:00-04:00,28.313461303710938,28.313461303710938,28.313461303710938,28.313461303710938,0,0.0,0.0,0.0
2024-08-09 00:00:00-04:00,28.340486526489258,28.340486526489258,28.340486526489258,28.340486526489258,0,0.0,0.0,0.0
2024-08-12 00:00:00-04:00,28.34949493408203,28.34949493408203,28.34949493408203,28.34949493408203,0,0.0,0.0,0.0
2024-08-13 00:00:00-04:00,28.385530471801758,28.385530471801758,28.385530471801758,28.385530471801758,0,0.0,0.0,0.0
2024-08-14 00:00:00-04:00,28.538671493530273,28.538671493530273,28.538671493530273,28.538671493530273,0,0.0,0.0,0.0
2024-08-15 00:00:00-04:00,28.79090690612793,28.79090690612793,28.79090690612793,28.79090690612793,0,0.0,0.0,0.0
2024-08-16 00:00:00-04:00,28.880992889404297,28.880992889404297,28.880992889404297,28.880992889404297,0,0.0,0.0,0.0
2024-08-19 00:00:00-04:00,28.880992889404297,28.880992889404297,28.880992889404297,28.880992889404297,0,0.0,0.0,0.0
2024-08-20 00:00:00-04:00,28.880992889404297,28.880992889404297,28.880992889404297,28.880992889404297,0,0.0,0.0,0.0
2024-08-21 00:00:00-04:00,29.196287155151367,29.196287155151367,29.196287155151367,29.196287155151367,0,0.0,0.0,0.0
2024-08-22 00:00:00-04:00,29.1512451171875,29.1512451171875,29.1512451171875,29.1512451171875,0,0.0,0.0,0.0
2024-08-23 00:00:00-04:00,29.295379638671875,29.295379638671875,29.295379638671875,29.295379638671875,0,0.0,0.0,0.0
2024-08-26 00:00:00-04:00,29.3314151763916,29.3314151763916,29.3314151763916,29.3314151763916,0,0.0,0.0,0.0
2024-08-27 00:00:00-04:00,29.35843849182129,29.35843849182129,29.35843849182129,29.35843849182129,0,0.0,0.0,0.0
2024-08-28 00:00:00-04:00,29.2863712310791,29.2863712310791,29.2863712310791,29.2863712310791,0,0.0,0.0,0.0
2024-08-29 00:00:00-04:00,29.403480529785156,29.403480529785156,29.403480529785156,29.403480529785156,0,0.0,0.0,0.0
2024-08-30 00:00:00-04:00,29.43951416015625,29.43951416015625,29.43951416015625,29.43951416015625,0,0.0,0.0,0.0
2024-09-03 00:00:00-04:00,29.3314151763916,29.3314151763916,29.3314151763916,29.3314151763916,0,0.0,0.0,0.0
2024-09-04 00:00:00-04:00,29.36744499206543,29.36744499206543,29.36744499206543,29.36744499206543,0,0.0,0.0,0.0
2024-09-05 00:00:00-04:00,29.25934600830078,29.25934600830078,29.25934600830078,29.25934600830078,0,0.0,0.0,0.0
2024-09-06 00:00:00-04:00,29.025127410888675,29.025127410888675,29.025127410888675,29.025127410888672,0,0.0,0.0,0.0
2024-09-09 00:00:00-04:00,29.2863712310791,29.2863712310791,29.2863712310791,29.2863712310791,0,0.0,0.0,0.0
2024-09-10 00:00:00-04:00,29.277362823486328,29.277362823486328,29.277362823486328,29.277362823486328,0,0.0,0.0,0.0
2024-09-11 00:00:00-04:00,29.17827033996582,29.17827033996582,29.17827033996582,29.17827033996582,0,0.0,0.0,0.0
2024-09-12 00:00:00-04:00,29.268356323242188,29.268356323242188,29.268356323242188,29.268356323242188,0,0.0,0.0,0.0
2024-09-13 00:00:00-04:00,29.46653938293457,29.46653938293457,29.46653938293457,29.46653938293457,0,0.0,0.0,0.0
2024-09-16 00:00:00-04:00,29.53860855102539,29.53860855102539,29.53860855102539,29.53860855102539,0,0.0,0.0,0.0
2024-09-17 00:00:00-04:00,29.502573013305664,29.502573013305664,29.502573013305664,29.502573013305664,0,0.0,0.0,0.0
2024-09-18 00:00:00-04:00,29.448522567749023,29.448522567749023,29.448522567749023,29.448522567749023,0,0.0,0.0,0.0
2024-09-19 00:00:00-04:00,29.53860855102539,29.53860855102539,29.53860855102539,29.53860855102539,0,0.0,0.0,0.0
2024-09-20 00:00:00-04:00,29.511581420898438,29.511581420898438,29.511581420898438,29.511581420898438,0,0.0,0.0,0.0
2024-09-23 00:00:00-04:00,29.54761505126953,29.54761505126953,29.54761505126953,29.54761505126953,0,0.0,0.0,0.0
2024-09-24 00:00:00-04:00,29.583650588989258,29.583650588989258,29.583650588989258,29.583650588989258,0,0.0,0.0,0.0
2024-09-25 00:00:00-04:00,29.5926570892334,29.5926570892334,29.5926570892334,29.5926570892334,0,0.0,0.0,0.0
2024-09-26 00:00:00-04:00,29.745800018310543,29.745800018310543,29.745800018310543,29.745800018310547,0,0.0,0.0,0.0
2024-09-27 00:00:00-04:00,29.772825241088867,29.772825241088867,29.772825241088867,29.772825241088867,0,0.0,0.0,0.0
2024-09-30 00:00:00-04:00,29.727785110473633,29.727785110473633,29.727785110473633,29.727785110473633,0,0.0,0.0,0.0
2024-10-01 00:00:00-04:00,29.71877670288086,29.71877670288086,29.71877670288086,29.71877670288086,0,0.0,0.0,0.0
2024-10-02 00:00:00-04:00,29.54761505126953,29.54761505126953,29.54761505126953,29.54761505126953,0,0.0,0.0,0.0
2024-10-03 00:00:00-04:00,29.403480529785156,29.403480529785156,29.403480529785156,29.403480529785156,0,0.0,0.0,0.0
2024-10-04 00:00:00-04:00,29.421499252319336,29.421499252319336,29.421499252319336,29.421499252319336,0,0.0,0.0,0.0
2024-10-07 00:00:00-04:00,29.007112503051758,29.007112503051758,29.007112503051758,29.007112503051758,0,0.0,0.0,0.0
2024-10-08 00:00:00-04:00,29.25934600830078,29.25934600830078,29.25934600830078,29.25934600830078,0,0.0,0.0,0.0
2024-10-09 00:00:00-04:00,29.43951416015625,29.43951416015625,29.43951416015625,29.43951416015625,0,0.0,0.0,0.0
2024-10-10 00:00:00-04:00,29.3314151763916,29.3314151763916,29.3314151763916,29.3314151763916,0,0.0,0.0,0.0
2024-10-11 00:00:00-04:00,29.64670753479004,29.64670753479004,29.64670753479004,29.64670753479004,0,0.0,0.0,0.0
2024-10-14 00:00:00-04:00,29.709766387939453,29.709766387939453,29.709766387939453,29.709766387939453,0,0.0,0.0,0.0
2024-10-15 00:00:00-04:00,29.64670753479004,29.64670753479004,29.64670753479004,29.64670753479004,0,0.0,0.0,0.0
2024-10-16 00:00:00-04:00,29.83588409423828,29.83588409423828,29.83588409423828,29.83588409423828,0,0.0,0.0,0.0
2024-10-17 00:00:00-04:00,29.88092803955078,29.88092803955078,29.88092803955078,29.88092803955078,0,0.0,0.0,0.0
2024-10-18 00:00:00-04:00,29.961999893188477,29.961999893188477,29.961999893188477,29.961999893188477,0,0.0,0.0,0.0
2024-10-21 00:00:00-04:00,29.862913131713867,29.862913131713867,29.862913131713867,29.862913131713867,0,0.0,0.0,0.0
2024-10-22 00:00:00-04:00,29.61968231201172,29.61968231201172,29.61968231201172,29.61968231201172,0,0.0,0.0,0.0
2024-10-23 00:00:00-04:00,29.574642181396484,29.574642181396484,29.574642181396484,29.574642181396484,0,0.0,0.0,0.0
2024-10-24 00:00:00-04:00,29.484556198120117,29.484556198120117,29.484556198120117,29.484556198120117,0,0.0,0.0,0.0
2024-10-25 00:00:00-04:00,29.35843849182129,29.35843849182129,29.35843849182129,29.35843849182129,0,0.0,0.0,0.0
2024-10-28 00:00:00-04:00,29.403480529785156,29.403480529785156,29.403480529785156,29.403480529785156,0,0.0,0.0,0.0
2024-10-29 00:00:00-04:00,29.17827033996582,29.17827033996582,29.17827033996582,29.17827033996582,0,0.0,0.0,0.0
2024-10-30 00:00:00-04:00,29.17827033996582,29.17827033996582,29.17827033996582,29.17827033996582,0,0.0,0.0,0.0
2024-10-31 00:00:00-04:00,28.99810028076172,28.99810028076172,28.99810028076172,28.99810028076172,0,0.0,0.0,0.0
2024-11-01 00:00:00-04:00,28.989093780517578,28.989093780517578,28.989093780517578,28.989093780517578,0,0.0,0.0,0.0
2024-11-04 00:00:00-05:00,29.07016944885254,29.07016944885254,29.07016944885254,29.07016944885254,0,0.0,0.0,0.0
2024-11-05 00:00:00-05:00,29.394472122192383,29.394472122192383,29.394472122192383,29.394472122192383,0,0.0,0.0,0.0
2024-11-06 00:00:00-05:00,29.943988800048828,29.943988800048828,29.943988800048828,29.943988800048828,0,0.0,0.0,0.0
2024-11-07 00:00:00-05:00,29.934978485107422,29.934978485107422,29.934978485107422,29.934978485107422,0,0.0,0.0,0.0
2024-11-08 00:00:00-05:00,30.11514663696289,30.11514663696289,30.11514663696289,30.11514663696289,0,0.0,0.0,0.0
2024-11-11 00:00:00-05:00,30.14217185974121,30.14217185974121,30.14217185974121,30.14217185974121,0,0.0,0.0,0.0
2024-11-12 00:00:00-05:00,30.079113006591797,30.079113006591797,30.079113006591797,30.079113006591797,0,0.0,0.0,0.0
2024-11-13 00:00:00-05:00,30.151182174682617,30.151182174682617,30.151182174682617,30.151182174682617,0,0.0,0.0,0.0
2024-11-14 00:00:00-05:00,30.10613441467285,30.10613441467285,30.10613441467285,30.10613441467285,0,0.0,0.0,0.0
2024-11-15 00:00:00-05:00,30.025062561035156,30.025062561035156,30.025062561035156,30.025062561035156,0,0.0,0.0,0.0
2024-11-18 00:00:00-05:00,30.133163452148438,30.133163452148438,30.133163452148438,30.133163452148438,0,0.0,0.0,0.0
2024-11-19 00:00:00-05:00,29.92597007751465,29.92597007751465,29.92597007751465,29.92597007751465,0,0.0,0.0,0.0
2024-11-20 00:00:00-05:00,29.871919631958008,29.871919631958008,29.871919631958008,29.871919631958008,0,0.0,0.0,0.0
2024-11-21 00:00:00-05:00,30.151182174682617,30.151182174682617,30.151182174682617,30.151182174682617,0,0.0,0.0,0.0
2024-11-22 00:00:00-05:00,30.439449310302734,30.439449310302734,30.439449310302734,30.439449310302734,0,0.0,0.0,0.0
2024-11-25 00:00:00-05:00,30.808795928955078,30.808795928955078,30.808795928955078,30.808795928955078,0,0.0,0.0,0.0
2024-11-26 00:00:00-05:00,30.907886505126953,30.907886505126953,30.907886505126953,30.907886505126953,0,0.0,0.0,0.0
2024-11-27 00:00:00-05:00,30.961936950683594,30.961936950683594,30.961936950683594,30.961936950683594,0,0.0,0.0,0.0
2024-11-29 00:00:00-05:00,30.97995185852051,30.97995185852051,30.97995185852051,30.979951858520508,0,0.0,0.0,0.0
2024-12-02 00:00:00-05:00,30.952930450439453,30.952930450439453,30.952930450439453,30.952930450439453,0,0.0,0.0,0.0
2024-12-03 00:00:00-05:00,30.835817337036133,30.835817337036133,30.835817337036133,30.835817337036133,0,0.0,0.0,0.0
2024-12-04 00:00:00-05:00,30.826812744140625,30.826812744140625,30.826812744140625,30.826812744140625,0,0.0,0.0,0.0
2024-12-05 00:00:00-05:00,30.81780242919922,30.81780242919922,30.81780242919922,30.81780242919922,0,0.0,0.0,0.0
2024-12-06 00:00:00-05:00,30.907886505126953,30.907886505126953,30.907886505126953,30.907886505126953,0,0.0,0.0,0.0
2024-12-09 00:00:00-05:00,30.84482765197754,30.84482765197754,30.84482765197754,30.84482765197754,0,0.0,0.0,0.0
2024-12-10 00:00:00-05:00,30.835817337036133,30.835817337036133,30.835817337036133,30.835817337036133,0,0.0,0.0,0.0
2024-12-11 00:00:00-05:00,30.781766891479492,30.781766891479492,30.781766891479492,30.781766891479492,0,0.0,0.0,0.0
2024-12-12 00:00:00-05:00,30.781766891479492,30.781766891479492,30.781766891479492,30.781766891479492,0,0.0,0.0,0.0
2024-12-13 00:00:00-05:00,30.691686630249023,30.691686630249023,30.691686630249023,30.691686630249023,0,0.0,0.0,0.0
2024-12-16 00:00:00-05:00,31.64111328125,31.64111328125,31.64111328125,31.64111328125,0,1.452,0.0,1.132
2024-12-17 00:00:00-05:00,31.49489974975586,31.49489974975586,31.49489974975586,31.49489974975586,0,0.0,0.0,0.0
2024-12-18 00:00:00-05:00,30.93927764892578,30.93927764892578,30.93927764892578,30.93927764892578,0,0.0,0.0,0.0
2024-12-19 00:00:00-05:00,30.841800689697266,30.841800689697266,30.841800689697266,30.841800689697266,0,0.0,0.0,0.0
2024-12-20 00:00:00-05:00,30.99776268005371,30.99776268005371,30.99776268005371,30.99776268005371,0,0.0,0.0,0.0
2024-12-23 00:00:00-05:00,30.968521118164062,30.968521118164062,30.968521118164062,30.968521118164062,0,0.0,0.0,0.0
2024-12-24 00:00:00-05:00,31.21221351623535,31.21221351623535,31.21221351623535,31.21221351623535,0,0.0,0.0,0.0
2024-12-26 00:00:00-05:00,31.241456985473633,31.241456985473633,31.241456985473633,31.241456985473633,0,0.0,0.0,0.0
2024-12-27 00:00:00-05:00,31.085493087768555,31.085493087768555,31.085493087768555,31.085493087768555,0,0.0,0.0,0.0
2024-12-30 00:00:00-05:00,30.82230567932129,30.82230567932129,30.82230567932129,30.82230567932129,0,0.0,0.0,0.0
2024-12-31 00:00:00-05:00,30.861295700073242,30.861295700073242,30.861295700073242,30.861295700073242,0,0.0,0.0,0.0
2025-01-02 00:00:00-05:00,30.900287628173828,30.900287628173828,30.900287628173828,30.900287628173828,0,0.0,0.0,0.0
2025-01-03 00:00:00-05:00,31.065998077392578,31.065998077392578,31.065998077392578,31.065998077392578,0,0.0,0.0,0.0
2025-01-06 00:00:00-05:00,31.007511138916016,31.007511138916016,31.007511138916016,31.007511138916016,0,0.0,0.0,0.0
2025-01-07 00:00:00-05:00,30.861295700073242,30.861295700073242,30.861295700073242,30.861295700073242,0,0.0,0.0,0.0
2025-01-08 00:00:00-05:00,31.065998077392578,31.065998077392578,31.065998077392578,31.065998077392578,0,0.0,0.0,0.0
2025-01-10 00:00:00-05:00,30.63709831237793,30.63709831237793,30.63709831237793,30.63709831237793,0,0.0,0.0,0.0
2025-01-13 00:00:00-05:00,30.7735652923584,30.7735652923584,30.7735652923584,30.7735652923584,0,0.0,0.0,0.0
2025-01-14 00:00:00-05:00,30.851547241210938,30.851547241210938,30.851547241210938,30.851547241210938,0,0.0,0.0,0.0
2025-01-15 00:00:00-05:00,30.958772659301758,30.958772659301758,30.958772659301758,30.958772659301758,0,0.0,0.0,0.0
2025-01-16 00:00:00-05:00,31.10498809814453,31.10498809814453,31.10498809814453,31.10498809814453,0,0.0,0.0,0.0
2025-01-17 00:00:00-05:00,31.192718505859375,31.192718505859375,31.192718505859375,31.192718505859375,0,0.0,0.0,0.0
2025-01-21 00:00:00-05:00,31.416915893554688,31.416915893554688,31.416915893554688,31.416915893554688,0,0.0,0.0,0.0
2025-01-22 00:00:00-05:00,31.407169342041016,31.407169342041016,31.407169342041016,31.407169342041016,0,0.0,0.0,0.0
2025-01-23 00:00:00-05:00,31.563133239746094,31.563133239746094,31.563133239746094,31.563133239746094,0,0.0,0.0,0.0
2025-01-24 00:00:00-05:00,31.465654373168945,31.465654373168945,31.465654373168945,31.465654373168945,0,0.0,0.0,0.0
2025-01-27 00:00:00-05:00,31.631366729736325,31.631366729736325,31.631366729736325,31.631366729736328,0,0.0,0.0,0.0
2025-01-28 00:00:00-05:00,31.50464630126953,31.50464630126953,31.50464630126953,31.50464630126953,0,0.0,0.0,0.0
2025-01-29 00:00:00-05:00,31.553382873535156,31.553382873535156,31.553382873535156,31.553382873535156,0,0.0,0.0,0.0
2025-01-30 00:00:00-05:00,31.953039169311523,31.953039169311523,31.953039169311523,31.953039169311523,0,0.0,0.0,0.0
2025-01-31 00:00:00-05:00,31.74833869934082,31.74833869934082,31.74833869934082,31.74833869934082,0,0.0,0.0,0.0
2025-02-03 00:00:00-05:00,31.767833709716797,31.767833709716797,31.767833709716797,31.767833709716797,0,0.0,0.0,0.0
2025-02-04 00:00:00-05:00,31.933544158935547,31.933544158935547,31.933544158935547,31.933544158935547,0,0.0,0.0,0.0
2025-02-05 00:00:00-05:00,32.01152801513672,32.01152801513672,32.01152801513672,32.01152801513672,0,0.0,0.0,0.0
2025-02-06 00:00:00-05:00,32.02127456665039,32.02127456665039,32.02127456665039,32.02127456665039,0,0.0,0.0,0.0
2025-02-07 00:00:00-05:00,31.845813751220703,31.845813751220703,31.845813751220703,31.845813751220703,0,0.0,0.0,0.0
2025-02-10 00:00:00-05:00,31.865310668945312,31.865310668945312,31.865310668945312,31.865310668945312,0,0.0,0.0,0.0
2025-02-11 00:00:00-05:00,31.914051055908203,31.914051055908203,31.914051055908203,31.914051055908203,0,0.0,0.0,0.0
2025-02-12 00:00:00-05:00,31.73859214782715,31.73859214782715,31.73859214782715,31.73859214782715,0,0.0,0.0,0.0
2025-02-13 00:00:00-05:00,32.040767669677734,32.040767669677734,32.040767669677734,32.040767669677734,0,0.0,0.0,0.0
2025-02-14 00:00:00-05:00,31.953039169311523,31.953039169311523,31.953039169311523,31.953039169311523,0,0.0,0.0,0.0
2025-02-18 00:00:00-05:00,31.933544158935547,31.933544158935547,31.933544158935547,31.933544158935547,0,0.0,0.0,0.0
2025-02-19 00:00:00-05:00,31.99203109741211,31.99203109741211,31.99203109741211,31.99203109741211,0,0.0,0.0,0.0
2025-02-20 00:00:00-05:00,31.953039169311523,31.953039169311523,31.953039169311523,31.953039169311523,0,0.0,0.0,0.0
2025-02-21 00:00:00-05:00,31.61187171936035,31.61187171936035,31.61187171936035,31.61187171936035,0,0.0,0.0,0.0
2025-02-24 00:00:00-05:00,31.631366729736325,31.631366729736325,31.631366729736325,31.631366729736328,0,0.0,0.0,0.0
2025-02-25 00:00:00-05:00,31.875059127807617,31.875059127807617,31.875059127807617,31.875059127807617,0,0.0,0.0,0.0
2025-02-26 00:00:00-05:00,31.85556411743164,31.85556411743164,31.85556411743164,31.85556411743164,0,0.0,0.0,0.0
2025-02-27 00:00:00-05:00,31.826322555541992,31.826322555541992,31.826322555541992,31.826322555541992,0,0.0,0.0,0.0
2025-02-28 00:00:00-05:00,32.1674919128418,32.1674919128418,32.1674919128418,32.1674919128418,0,0.0,0.0,0.0
2025-03-03 00:00:00-05:00,31.99203109741211,31.99203109741211,31.99203109741211,31.99203109741211,0,0.0,0.0,0.0
2025-03-04 00:00:00-05:00,31.680105209350586,31.680105209350586,31.680105209350586,31.680105209350586,0,0.0,0.0,0.0
2025-03-05 00:00:00-05:00,31.797077178955075,31.797077178955075,31.797077178955075,31.797077178955078,0,0.0,0.0,0.0
2025-03-06 00:00:00-05:00,31.767833709716797,31.767833709716797,31.767833709716797,31.767833709716797,0,0.0,0.0,0.0
2025-03-07 00:00:00-05:00,31.689851760864258,31.689851760864258,31.689851760864258,31.689851760864258,0,0.0,0.0,0.0
2025-03-10 00:00:00-04:00,31.446157455444336,31.446157455444336,31.446157455444336,31.446157455444336,0,0.0,0.0,0.0
2025-03-11 00:00:00-04:00,30.919780731201172,30.919780731201172,30.919780731201172,30.919780731201172,0,0.0,0.0,0.0
2025-03-12 00:00:00-04:00,30.841800689697266,30.841800689697266,30.841800689697266,30.841800689697266,0,0.0,0.0,0.0
2025-03-13 00:00:00-04:00,30.520124435424805,30.520124435424805,30.520124435424805,30.520124435424805,0,0.0,0.0,0.0
2025-03-14 00:00:00-04:00,30.793062210083008,30.793062210083008,30.793062210083008,30.793062210083008,0,0.0,0.0,0.0
2025-03-17 00:00:00-04:00,31.15372657775879,31.15372657775879,31.15372657775879,31.15372657775879,0,0.0,0.0,0.0
2025-03-18 00:00:00-04:00,31.027008056640625,31.027008056640625,31.027008056640625,31.027008056640625,0,0.0,0.0,0.0
2025-03-19 00:00:00-04:00,31.163475036621094,31.163475036621094,31.163475036621094,31.163475036621094,0,0.0,0.0,0.0
2025-03-20 00:00:00-04:00,31.09524154663086,31.09524154663086,31.09524154663086,31.09524154663086,0,0.0,0.0,0.0
2025-03-21 00:00:00-04:00,31.027008056640625,31.027008056640625,31.027008056640625,31.027008056640625,0,0.0,0.0,0.0
2025-03-24 00:00:00-04:00,31.47540283203125,31.47540283203125,31.47540283203125,31.47540283203125,0,0.0,0.0,0.0
2025-03-25 00:00:00-04:00,31.524141311645508,31.524141311645508,31.524141311645508,31.524141311645508,0,0.0,0.0,0.0
2025-03-26 00:00:00-04:00,31.553382873535156,31.553382873535156,31.553382873535156,31.553382873535156,0,0.0,0.0,0.0
2025-03-27 00:00:00-04:00,31.875059127807617,31.875059127807617,31.875059127807617,31.875059127807617,0,0.0,0.0,0.0
2025-03-28 00:00:00-04:00,31.426666259765625,31.426666259765625,31.426666259765625,31.426666259765625,0,0.0,0.0,0.0
2025-03-31 00:00:00-04:00,31.719097137451172,31.719097137451172,31.719097137451172,31.719097137451172,0,0.0,0.0,0.0
2025-04-01 00:00:00-04:00,31.787330627441406,31.787330627441406,31.787330627441406,31.787330627441406,0,0.0,0.0,0.0
2025-04-02 00:00:00-04:00,31.88480567932129,31.88480567932129,31.88480567932129,31.88480567932129,0,0.0,0.0,0.0
2025-04-03 00:00:00-04:00,31.426666259765625,31.426666259765625,31.426666259765625,31.426666259765625,0,0.0,0.0,0.0
2025-04-04 00:00:00-04:00,30.34466552734375,30.34466552734375,30.34466552734375,30.34466552734375,0,0.0,0.0,0.0
2025-04-07 00:00:00-04:00,29.808542251586914,29.808542251586914,29.808542251586914,29.808542251586914,0,0.0,0.0,0.0
2025-04-08 00:00:00-04:00,29.623334884643555,29.623334884643555,29.623334884643555,29.623334884643555,0,0.0,0.0,0.0
2025-04-09 00:00:00-04:00,30.929529190063477,30.929529190063477,30.929529190063477,30.929529190063477,0,0.0,0.0,0.0
2025-04-10 00:00:00-04:00,30.724828720092773,30.724828720092773,30.724828720092773,30.724828720092773,0,0.0,0.0,0.0
2025-04-11 00:00:00-04:00,31.09524154663086,31.09524154663086,31.09524154663086,31.09524154663086,0,0.0,0.0,0.0
2025-04-14 00:00:00-04:00,31.348682403564453,31.348682403564453,31.348682403564453,31.348682403564453,0,0.0,0.0,0.0
2025-04-15 00:00:00-04:00,31.18297004699707,31.18297004699707,31.18297004699707,31.18297004699707,0,0.0,0.0,0.0
2025-04-16 00:00:00-04:00,30.812557220458984,30.812557220458984,30.812557220458984,30.812557220458984,0,0.0,0.0,0.0
2025-04-17 00:00:00-04:00,30.958772659301758,30.958772659301758,30.958772659301758,30.958772659301758,0,0.0,0.0,0.0
2025-04-21 00:00:00-04:00,30.52987289428711,30.52987289428711,30.52987289428711,30.52987289428711,0,0.0,0.0,0.0
2025-04-22 00:00:00-04:00,31.09524154663086,31.09524154663086,31.09524154663086,31.09524154663086,0,0.0,0.0,0.0
2025-04-23 00:00:00-04:00,31.09524154663086,31.09524154663086,31.09524154663086,31.09524154663086,0,0.0,0.0,0.0
2025-04-24 00:00:00-04:00,31.241456985473633,31.241456985473633,31.241456985473633,31.241456985473633,0,0.0,0.0,0.0
2025-04-25 00:00:00-04:00,31.163475036621094,31.163475036621094,31.163475036621094,31.163475036621094,0,0.0,0.0,0.0
2025-04-28 00:00:00-04:00,31.241456985473633,31.241456985473633,31.241456985473633,31.241456985473633,0,0.0,0.0,0.0
2025-04-29 00:00:00-04:00,31.524141311645508,31.524141311645508,31.524141311645508,31.524141311645508,0,0.0,0.0,0.0
2025-04-30 00:00:00-04:00,31.631366729736325,31.631366729736325,31.631366729736325,31.631366729736328,0,0.0,0.0,0.0
2025-05-01 00:00:00-04:00,31.49489974975586,31.49489974975586,31.49489974975586,31.49489974975586,0,0.0,0.0,0.0
2025-05-02 00:00:00-04:00,31.836069107055664,31.836069107055664,31.836069107055664,31.836069107055664,0,0.0,0.0,0.0
2025-05-05 00:00:00-04:00,31.845813751220703,31.845813751220703,31.845813751220703,31.845813751220703,0,0.0,0.0,0.0
2025-05-06 00:00:00-04:00,31.709346771240234,31.709346771240234,31.709346771240234,31.709346771240234,0,0.0,0.0,0.0
2025-05-07 00:00:00-04:00,31.709346771240234,31.709346771240234,31.709346771240234,31.709346771240234,0,0.0,0.0,0.0
2025-05-08 00:00:00-04:00,31.933544158935547,31.933544158935547,31.933544158935547,31.933544158935547,0,0.0,0.0,0.0
2025-05-09 00:00:00-04:00,31.9043025970459,31.9043025970459,31.9043025970459,31.9043025970459,0,0.0,0.0,0.0
2025-05-12 00:00:00-04:00,32.36244583129883,32.36244583129883,32.36244583129883,32.36244583129883,0,0.0,0.0,0.0
2025-05-13 00:00:00-04:00,32.17723846435547,32.17723846435547,32.17723846435547,32.17723846435547,0,0.0,0.0,0.0
2025-05-14 00:00:00-04:00,32.07976150512695,32.07976150512695,32.07976150512695,32.07976150512695,0,0.0,0.0,0.0
2025-05-15 00:00:00-04:00,32.294212341308594,32.294212341308594,32.294212341308594,32.294212341308594,0,0.0,0.0,0.0
2025-05-16 00:00:00-04:00,32.60614013671875,32.60614013671875,32.60614013671875,32.60614013671875,0,0.0,0.0,0.0
2025-05-19 00:00:00-04:00,32.8985710144043,32.8985710144043,32.8985710144043,32.8985710144043,0,0.0,0.0,0.0
2025-05-20 00:00:00-04:00,32.7718505859375,32.7718505859375,32.7718505859375,32.7718505859375,0,0.0,0.0,0.0
2025-05-21 00:00:00-04:00,32.303958892822266,32.303958892822266,32.303958892822266,32.303958892822266,0,0.0,0.0,0.0
2025-05-22 00:00:00-04:00,32.20648193359375,32.20648193359375,32.20648193359375,32.20648193359375,0,0.0,0.0,0.0
2025-05-23 00:00:00-04:00,31.797077178955075,31.797077178955075,31.797077178955075,31.797077178955078,0,0.0,0.0,0.0
2025-05-27 00:00:00-04:00,32.03102493286133,32.03102493286133,32.03102493286133,32.03102493286133,0,0.0,0.0,0.0
2025-05-28 00:00:00-04:00,31.943294525146484,31.943294525146484,31.943294525146484,31.943294525146484,0,0.0,0.0,0.0
2025-05-29 00:00:00-04:00,31.923797607421875,31.923797607421875,31.923797607421875,31.923797607421875,0,0.0,0.0,0.0
2025-05-30 00:00:00-04:00,32.089508056640625,32.089508056640625,32.089508056640625,32.089508056640625,0,0.0,0.0,0.0
2025-06-02 00:00:00-04:00,32.138248443603516,32.138248443603516,32.138248443603516,32.138248443603516,0,0.0,0.0,0.0
2025-06-03 00:00:00-04:00,32.19673156738281,32.19673156738281,32.19673156738281,32.19673156738281,0,0.0,0.0,0.0
2025-06-04 00:00:00-04:00,32.109004974365234,32.109004974365234,32.109004974365234,32.109004974365234,0,0.0,0.0,0.0
2025-06-05 00:00:00-04:00,32.060264587402344,32.060264587402344,32.060264587402344,32.060264587402344,0,0.0,0.0,0.0
2025-06-06 00:00:00-04:00,32.24547576904297,32.24547576904297,32.24547576904297,32.24547576904297,0,0.0,0.0,0.0
2025-06-09 00:00:00-04:00,32.00178146362305,32.00178146362305,32.00178146362305,32.00178146362305,0,0.0,0.0,0.0
2025-06-10 00:00:00-04:00,32.02127456665039,32.02127456665039,32.02127456665039,32.02127456665039,0,0.0,0.0,0.0
2025-06-11 00:00:00-04:00,31.845813751220703,31.845813751220703,31.845813751220703,31.845813751220703,0,0.0,0.0,0.0
2025-06-12 00:00:00-04:00,31.933544158935547,31.933544158935547,31.933544158935547,31.933544158935547,0,0.0,0.0,0.0
2025-06-13 00:00:00-04:00,31.543636322021484,31.543636322021484,31.543636322021484,31.543636322021484,0,0.0,0.0,0.0
2025-06-16 00:00:00-04:00,31.524141311645508,31.524141311645508,31.524141311645508,31.524141311645508,0,0.0,0.0,0.0
2025-06-17 00:00:00-04:00,31.397418975830078,31.397418975830078,31.397418975830078,31.397418975830078,0,0.0,0.0,0.0
2025-06-18 00:00:00-04:00,31.114736557006836,31.114736557006836,31.114736557006836,31.114736557006836,0,0.0,0.0,0.0
2025-06-20 00:00:00-04:00,31.163475036621094,31.163475036621094,31.163475036621094,31.163475036621094,0,0.0,0.0,0.0
2025-06-23 00:00:00-04:00,31.446157455444336,31.446157455444336,31.446157455444336,31.446157455444336,0,0.0,0.0,0.0
2025-06-24 00:00:00-04:00,31.446157455444336,31.446157455444336,31.446157455444336,31.446157455444336,0,0.0,0.0,0.0
2025-06-25 00:00:00-04:00,31.09524154663086,31.09524154663086,31.09524154663086,31.09524154663086,0,0.0,0.0,0.0
2025-06-26 00:00:00-04:00,31.221960067749023,31.221960067749023,31.221960067749023,31.221960067749023,0,0.0,0.0,0.0
2025-06-27 00:00:00-04:00,31.455907821655273,31.455907821655273,31.455907821655273,31.455907821655273,0,0.0,0.0,0.0
2025-06-30 00:00:00-04:00,31.72884178161621,31.72884178161621,31.72884178161621,31.72884178161621,0,0.0,0.0,0.0
2025-07-01 00:00:00-04:00,31.99203109741211,31.99203109741211,31.99203109741211,31.99203109741211,0,0.0,0.0,0.0
2025-07-02 00:00:00-04:00,31.787330627441406,31.787330627441406,31.787330627441406,31.787330627441406,0,0.0,0.0,0.0
2025-07-03 00:00:00-04:00,31.98228645324707,31.98228645324707,31.98228645324707,31.98228645324707,0,0.0,0.0,0.0
2025-07-07 00:00:00-04:00,31.836069107055664,31.836069107055664,31.836069107055664,31.836069107055664,0,0.0,0.0,0.0
2025-07-08 00:00:00-04:00,31.826322555541992,31.826322555541992,31.826322555541992,31.826322555541992,0,0.0,0.0,0.0
2025-07-09 00:00:00-04:00,31.875059127807617,31.875059127807617,31.875059127807617,31.875059127807617,0,0.0,0.0,0.0
2025-07-10 00:00:00-04:00,31.9043025970459,31.9043025970459,31.9043025970459,31.9043025970459,0,0.0,0.0,0.0
2025-07-11 00:00:00-04:00,31.680105209350586,31.680105209350586,31.680105209350586,31.680105209350586,0,0.0,0.0,0.0
2025-07-14 00:00:00-04:00,31.894556045532227,31.894556045532227,31.894556045532227,31.894556045532227,0,0.0,0.0,0.0
2025-07-15 00:00:00-04:00,31.485149383544922,31.485149383544922,31.485149383544922,31.485149383544922,0,0.0,0.0,0.0
2025-07-16 00:00:00-04:00,31.62161636352539,31.62161636352539,31.62161636352539,31.62161636352539,0,0.0,0.0,0.0
2025-07-17 00:00:00-04:00,31.689851760864258,31.689851760864258,31.689851760864258,31.689851760864258,0,0.0,0.0,0.0
2025-07-18 00:00:00-04:00,31.670358657836914,31.670358657836914,31.670358657836914,31.670358657836914,0,0.0,0.0,0.0
2025-07-21 00:00:00-04:00,31.74833869934082,31.74833869934082,31.74833869934082,31.74833869934082,0,0.0,0.0,0.0
2025-07-22 00:00:00-04:00,32.157745361328125,32.157745361328125,32.157745361328125,32.157745361328125,0,0.0,0.0,0.0
2025-07-23 00:00:00-04:00,32.3137092590332,32.3137092590332,32.3137092590332,32.3137092590332,0,0.0,0.0,0.0
2025-07-24 00:00:00-04:00,32.3721923828125,32.3721923828125,32.3721923828125,32.3721923828125,0,0.0,0.0,0.0
2025-07-25 00:00:00-04:00,32.4989128112793,32.4989128112793,32.4989128112793,32.4989128112793,0,0.0,0.0,0.0
2025-07-28 00:00:00-04:00,32.35269546508789,32.35269546508789,32.35269546508789,32.35269546508789,0,0.0,0.0,0.0
2025-07-29 00:00:00-04:00,32.26496505737305,32.26496505737305,32.26496505737305,32.26496505737305,0,0.0,0.0,0.0
2025-07-30 00:00:00-04:00,32.138248443603516,32.138248443603516,32.138248443603516,32.138248443603516,0,0.0,0.0,0.0
2025-07-31 00:00:00-04:00,31.933544158935547,31.933544158935547,31.933544158935547,31.933544158935547,0,0.0,0.0,0.0
2025-08-01 00:00:00-04:00,31.845813751220703,31.845813751220703,31.845813751220703,31.845813751220703,0,0.0,0.0,0.0
2025-08-04 00:00:00-04:00,32.303958892822266,32.303958892822266,32.303958892822266,32.303958892822266,0,0.0,0.0,0.0
2025-08-05 00:00:00-04:00,32.38194274902344,32.38194274902344,32.38194274902344,32.38194274902344,0,0.0,0.0,0.0
2025-08-06 00:00:00-04:00,32.72311019897461,32.72311019897461,32.72311019897461,32.72311019897461,0,0.0,0.0,0.0
2025-08-07 00:00:00-04:00,32.54765319824219,32.54765319824219,32.54765319824219,32.54765319824219,0,0.0,0.0,0.0
2025-08-08 00:00:00-04:00,32.6451301574707,32.6451301574707,32.6451301574707,32.6451301574707,0,0.0,0.0,0.0
2025-08-11 00:00:00-04:00,32.66462326049805,32.66462326049805,32.66462326049805,32.66462326049805,0,0.0,0.0,0.0
2025-08-12 00:00:00-04:00,32.83033752441406,32.83033752441406,32.83033752441406,32.83033752441406,0,0.0,0.0,0.0
2025-08-13 00:00:00-04:00,33.29822540283203,33.29822540283203,33.29822540283203,33.29822540283203,0,0.0,0.0,0.0
2025-08-14 00:00:00-04:00,33.171504974365234,33.171504974365234,33.171504974365234,33.171504974365234,0,0.0,0.0,0.0
2025-08-15 00:00:00-04:00,33.31772232055664,33.31772232055664,33.31772232055664,33.31772232055664,0,0.0,0.0,0.0
2025-08-18 00:00:00-04:00,33.33721923828125,33.33721923828125,33.33721923828125,33.33721923828125,0,0.0,0.0,0.0
2025-08-19 00:00:00-04:00,33.59065628051758,33.59065628051758,33.59065628051758,33.59065628051758,0,0.0,0.0,0.0
2025-08-20 00:00:00-04:00,33.551666259765625,33.551666259765625,33.551666259765625,33.551666259765625,0,0.0,0.0,0.0
2025-08-21 00:00:00-04:00,33.45418930053711,33.45418930053711,33.45418930053711,33.45418930053711,0,0.0,0.0,0.0
2025-08-22 00:00:00-04:00,33.72712707519531,33.72712707519531,33.72712707519531,33.72712707519531,0,0.0,0.0,0.0
2025-08-25 00:00:00-04:00,33.619903564453125,33.619903564453125,33.619903564453125,33.619903564453125,0,0.0,0.0,0.0
2025-08-26 00:00:00-04:00,33.63939666748047,33.63939666748047,33.63939666748047,33.63939666748047,0,0.0,0.0,0.0
2025-08-27 00:00:00-04:00,33.7758674621582,33.7758674621582,33.7758674621582,33.7758674621582,0,0.0,0.0,0.0
2025-08-28 00:00:00-04:00,33.70763397216797,33.70763397216797,33.70763397216797,33.70763397216797,0,0.0,0.0,0.0
2025-08-29 00:00:00-04:00,33.756370544433594,33.756370544433594,33.756370544433594,33.756370544433594,0,0.0,0.0,0.0
2025-09-02 00:00:00-04:00,33.7758674621582,33.7758674621582,33.7758674621582,33.7758674621582,0,0.0,0.0,0.0
2025-09-03 00:00:00-04:00,33.79536056518555,33.79536056518555,33.79536056518555,33.79536056518555,0,0.0,0.0,0.0
2025-09-04 00:00:00-04:00,34.04880142211914,34.04880142211914,34.04880142211914,34.04880142211914,0,0.0,0.0,0.0
2025-09-05 00:00:00-04:00,33.84410095214844,33.84410095214844,33.84410095214844,33.84410095214844,0,0.0,0.0,0.0
2025-09-08 00:00:00-04:00,34.00981140136719,34.00981140136719,34.00981140136719,34.00981140136719,0,0.0,0.0,0.0
2025-09-09 00:00:00-04:00,34.06829833984375,34.06829833984375,34.06829833984375,34.06829833984375,0,0.0,0.0,0.0
2025-09-10 00:00:00-04:00,34.000064849853516,34.000064849853516,34.000064849853516,34.000064849853516,0,0.0,0.0,0.0
2025-09-11 00:00:00-04:00,34.477699279785156,34.477699279785156,34.477699279785156,34.477699279785156,0,0.0,0.0,0.0
2025-09-12 00:00:00-04:00,34.24375915527344,34.24375915527344,34.24375915527344,34.24375915527344,0,0.0,0.0,0.0
2025-09-15 00:00:00-04:00,34.06829833984375,34.06829833984375,34.06829833984375,34.06829833984375,0,0.0,0.0,0.0
2025-09-16 00:00:00-04:00,33.902584075927734,33.902584075927734,33.902584075927734,33.902584075927734,0,0.0,0.0,0.0
2025-09-17 00:00:00-04:00,33.94157791137695,33.94157791137695,33.94157791137695,33.94157791137695,0,0.0,0.0,0.0
2025-09-18 00:00:00-04:00,33.67838668823242,33.67838668823242,33.67838668823242,33.67838668823242,0,0.0,0.0,0.0
2025-09-19 00:00:00-04:00,33.63939666748047,33.63939666748047,33.63939666748047,33.63939666748047,0,0.0,0.0,0.0
2025-09-22 00:00:00-04:00,33.600406646728516,33.600406646728516,33.600406646728516,33.600406646728516,0,0.0,0.0,0.0
2025-09-23 00:00:00-04:00,33.58091354370117,33.58091354370117,33.58091354370117,33.58091354370117,0,0.0,0.0,0.0
2025-09-24 00:00:00-04:00,33.736873626708984,33.736873626708984,33.736873626708984,33.736873626708984,0,0.0,0.0,0.0
2025-09-25 00:00:00-04:00,33.619903564453125,33.619903564453125,33.619903564453125,33.619903564453125,0,0.0,0.0,0.0
2025-09-26 00:00:00-04:00,33.91233444213867,33.91233444213867,33.91233444213867,33.91233444213867,0,0.0,0.0,0.0
2025-09-29 00:00:00-04:00,34.08779525756836,34.08779525756836,34.08779525756836,34.08779525756836,0,0.0,0.0,0.0
2025-09-30 00:00:00-04:00,34.146278381347656,34.146278381347656,34.146278381347656,34.146278381347656,0,0.0,0.0,0.0
2025-10-01 00:00:00-04:00,34.09754180908203,34.09754180908203,34.09754180908203,34.09754180908203,0,0.0,0.0,0.0
2025-10-02 00:00:00-04:00,34.22426223754883,34.22426223754883,34.22426223754883,34.22426223754883,0,0.0,0.0,0.0
2025-10-03 00:00:00-04:00,34.22426223754883,34.22426223754883,34.22426223754883,34.22426223754883,0,0.0,0.0,0.0
2025-10-06 00:00:00-04:00,34.1072883605957,34.1072883605957,34.1072883605957,34.1072883605957,0,0.0,0.0,0.0
2025-10-07 00:00:00-04:00,33.94157791137695,33.94157791137695,33.94157791137695,33.94157791137695,0,0.0,0.0,0.0
2025-10-08 00:00:00-04:00,33.902584075927734,33.902584075927734,33.902584075927734,33.902584075927734,0,0.0,0.0,0.0
2025-10-09 00:00:00-04:00,33.522422790527344,33.522422790527344,33.522422790527344,33.522422790527344,0,0.0,0.0,0.0
2025-10-10 00:00:00-04:00,33.3079719543457,33.3079719543457,33.3079719543457,33.3079719543457,0,0.0,0.0,0.0
2025-10-13 00:00:00-04:00,33.405452728271484,33.405452728271484,33.405452728271484,33.405452728271484,0,0.0,0.0,0.0
2025-10-14 00:00:00-04:00,33.66864013671875,33.66864013671875,33.66864013671875,33.66864013671875,0,0.0,0.0,0.0
2025-10-15 00:00:00-04:00,33.5029296875,33.5029296875,33.5029296875,33.5029296875,0,0.0,0.0,0.0
2025-10-16 00:00:00-04:00,33.171504974365234,33.171504974365234,33.171504974365234,33.171504974365234,0,0.0,0.0,0.0
2025-10-17 00:00:00-04:00,33.3079719543457,33.3079719543457,33.3079719543457,33.3079719543457,0,0.0,0.0,0.0
2025-10-20 00:00:00-04:00,33.385955810546875,33.385955810546875,33.385955810546875,33.385955810546875,0,0.0,0.0,0.0
2025-10-21 00:00:00-04:00,33.571163177490234,33.571163177490234,33.571163177490234,33.571163177490234,0,0.0,0.0,0.0
2025-10-22 00:00:00-04:00,33.39570236206055,33.39570236206055,33.39570236206055,33.39570236206055,0,0.0,0.0,0.0
2025-10-23 00:00:00-04:00,33.25923538208008,33.25923538208008,33.25923538208008,33.25923538208008,0,0.0,0.0,0.0
2025-10-24 00:00:00-04:00,33.18125534057617,33.18125534057617,33.18125534057617,33.18125534057617,0,0.0,0.0,0.0
2025-10-27 00:00:00-04:00,33.23973846435547,33.23973846435547,33.23973846435547,33.23973846435547,0,0.0,0.0,0.0
2025-10-28 00:00:00-04:00,33.09352493286133,33.09352493286133,33.09352493286133,33.09352493286133,0,0.0,0.0,0.0
2025-10-29 00:00:00-04:00,32.74260711669922,32.74260711669922,32.74260711669922,32.74260711669922,0,0.0,0.0,0.0
2025-10-30 00:00:00-04:00,32.72311019897461,32.72311019897461,32.72311019897461,32.72311019897461,0,0.0,0.0,0.0
2025-10-31 00:00:00-04:00,32.59638977050781,32.59638977050781,32.59638977050781,32.59638977050781,0,0.0,0.0,0.0
2025-11-03 00:00:00-05:00,32.38194274902344,32.38194274902344,32.38194274902344,32.38194274902344,0,0.0,0.0,0.0
2025-11-04 00:00:00-05:00,32.74260711669922,32.74260711669922,32.74260711669922,32.74260711669922,0,0.0,0.0,0.0
2025-11-05 00:00:00-05:00,32.791343688964844,32.791343688964844,32.791343688964844,32.791343688964844,0,0.0,0.0,0.0
2025-11-06 00:00:00-05:00,32.791343688964844,32.791343688964844,32.791343688964844,32.791343688964844,0,0.0,0.0,0.0
2025-11-07 00:00:00-05:00,33.152008056640625,33.152008056640625,33.152008056640625,33.152008056640625,0,0.0,0.0,0.0
2025-11-10 00:00:00-05:00,33.31772232055664,33.31772232055664,33.31772232055664,33.31772232055664,0,0.0,0.0,0.0
2025-11-11 00:00:00-05:00,33.49318313598633,33.49318313598633,33.49318313598633,33.49318313598633,0,0.0,0.0,0.0
2025-11-12 00:00:00-05:00,33.63939666748047,33.63939666748047,33.63939666748047,33.63939666748047,0,0.0,0.0,0.0
2025-11-13 00:00:00-05:00,33.47368621826172,33.47368621826172,33.47368621826172,33.47368621826172,0,0.0,0.0,0.0
2025-11-14 00:00:00-05:00,33.29822540283203,33.29822540283203,33.29822540283203,33.29822540283203,0,0.0,0.0,0.0
2025-11-17 00:00:00-05:00,33.14226531982422,33.14226531982422,33.14226531982422,33.14226531982422,0,0.0,0.0,0.0
2025-11-18 00:00:00-05:00,33.015541076660156,33.015541076660156,33.015541076660156,33.015541076660156,0,0.0,0.0,0.0
2025-11-19 00:00:00-05:00,32.98630142211914,32.98630142211914,32.98630142211914,32.98630142211914,0,0.0,0.0,0.0
2025-11-20 00:00:00-05:00,33.025291442871094,33.025291442871094,33.025291442871094,33.025291442871094,0,0.0,0.0,0.0
2025-11-21 00:00:00-05:00,33.69788360595703,33.69788360595703,33.69788360595703,33.69788360595703,0,0.0,0.0,0.0
2025-11-24 00:00:00-05:00,33.571163177490234,33.571163177490234,33.571163177490234,33.571163177490234,0,0.0,0.0,0.0
2025-11-25 00:00:00-05:00,34.08779525756836,34.08779525756836,34.08779525756836,34.08779525756836,0,0.0,0.0,0.0
2025-11-26 00:00:00-05:00,34.21451187133789,34.21451187133789,34.21451187133789,34.21451187133789,0,0.0,0.0,0.0
2025-11-28 00:00:00-05:00,34.21451187133789,34.21451187133789,34.21451187133789,34.21451187133789,0,0.0,0.0,0.0
2025-12-01 00:00:00-05:00,34.12678146362305,34.12678146362305,34.12678146362305,34.12678146362305,0,0.0,0.0,0.0
2025-12-02 00:00:00-05:00,34.02930450439453,34.02930450439453,34.02930450439453,34.02930450439453,0,0.0,0.0,0.0
2025-12-03 00:00:00-05:00,34.2340087890625,34.2340087890625,34.2340087890625,34.2340087890625,0,0.0,0.0,0.0
2025-12-04 00:00:00-05:00,34.156028747558594,34.156028747558594,34.156028747558594,34.156028747558594,0,0.0,0.0,0.0
2025-12-05 00:00:00-05:00,34.09754180908203,34.09754180908203,34.09754180908203,34.09754180908203,0,0.0,0.0,0.0
2025-12-08 00:00:00-05:00,33.87334442138672,33.87334442138672,33.87334442138672,33.87334442138672,0,0.0,0.0,0.0
2025-12-09 00:00:00-05:00,33.53217315673828,33.53217315673828,33.53217315673828,33.53217315673828,0,0.0,0.0,0.0
2025-12-10 00:00:00-05:00,33.69788360595703,33.69788360595703,33.69788360595703,33.69788360595703,0,0.0,0.0,0.0
2025-12-11 00:00:00-05:00,34.2340087890625,34.2340087890625,34.2340087890625,34.2340087890625,0,0.0,0.0,0.0
2025-12-12 00:00:00-05:00,34.27299880981445,34.27299880981445,34.27299880981445,34.27299880981445,0,0.0,0.0,0.0
2025-12-15 00:00:00-05:00,34.79999923706055,34.79999923706055,34.79999923706055,34.79999923706055,0,0.555,0.0,0.332
2025-12-16 00:00:00-05:00,34.5099983215332,34.5099983215332,34.5099983215332,34.5099983215332,0,0.0,0.0,0.0
2025-12-17 00:00:00-05:00,34.369998931884766,34.369998931884766,34.369998931884766,34.369998931884766,0,0.0,0.0,0.0
2025-12-18 00:00:00-05:00,34.380001068115234,34.380001068115234,34.380001068115234,34.380001068115234,0,0.0,0.0,0.0
2025-12-19 00:00:00-05:00,34.36000061035156,34.36000061035156,34.36000061035156,34.36000061035156,0,0.0,0.0,0.0
2025-12-22 00:00:00-05:00,34.4900016784668,34.4900016784668,34.4900016784668,34.4900016784668,0,0.0,0.0,0.0
2025-12-23 00:00:00-05:00,34.529998779296875,34.529998779296875,34.529998779296875,34.529998779296875,0,0.0,0.0,0.0
2025-12-24 00:00:00-05:00,34.599998474121094,34.599998474121094,34.599998474121094,34.599998474121094,0,0.0,0.0,0.0
2025-12-26 00:00:00-05:00,34.61000061035156,34.61000061035156,34.61000061035156,34.61000061035156,0,0.0,0.0,0.0
2025-12-29 00:00:00-05:00,34.5099983215332,34.5099983215332,34.5099983215332,34.5099983215332,0,0.0,0.0,0.0
2025-12-30 00:00:00-05:00,34.5,34.5,34.5,34.5,0,0.0,0.0,0.0
2025-12-31 00:00:00-05:00,34.290000915527344,34.290000915527344,34.290000915527344,34.290000915527344,0,0.0,0.0,0.0
2026-01-02 00:00:00-05:00,34.220001220703125,34.220001220703125,34.220001220703125,34.220001220703125,0,0.0,0.0,0.0
2026-01-05 00:00:00-05:00,34.5099983215332,34.5099983215332,34.5099983215332,34.5099983215332,0,0.0,0.0,0.0
2026-01-06 00:00:00-05:00,34.68000030517578,34.68000030517578,34.68000030517578,34.68000030517578,0,0.0,0.0,0.0
2026-01-07 00:00:00-05:00,34.560001373291016,34.560001373291016,34.560001373291016,34.560001373291016,0,0.0,0.0,0.0
2026-01-08 00:00:00-05:00,34.810001373291016,34.810001373291016,34.810001373291016,34.810001373291016,0,0.0,0.0,0.0
2026-01-09 00:00:00-05:00,34.9900016784668,34.9900016784668,34.9900016784668,34.9900016784668,0,0.0,0.0,0.0
2026-01-12 00:00:00-05:00,35.099998474121094,35.099998474121094,35.099998474121094,35.099998474121094,0,0.0,0.0,0.0
2026-01-13 00:00:00-05:00,34.75,34.75,34.75,34.75,0,0.0,0.0,0.0
2026-01-14 00:00:00-05:00,34.720001220703125,34.720001220703125,34.720001220703125,34.720001220703125,0,0.0,0.0,0.0
2026-01-15 00:00:00-05:00,34.790000915527344,34.790000915527344,34.790000915527344,34.790000915527344,0,0.0,0.0,0.0
2026-01-16 00:00:00-05:00,34.709999084472656,34.709999084472656,34.709999084472656,34.709999084472656,0,0.0,0.0,0.0
2026-01-20 00:00:00-05:00,34.56999969482422,34.56999969482422,34.56999969482422,34.56999969482422,0,0.0,0.0,0.0
2026-01-21 00:00:00-05:00,35.04999923706055,35.04999923706055,35.04999923706055,35.04999923706055,0,0.0,0.0,0.0
2026-01-22 00:00:00-05:00,35.13999938964844,35.13999938964844,35.13999938964844,35.13999938964844,0,0.0,0.0,0.0
2026-01-23 00:00:00-05:00,35.04999923706055,35.04999923706055,35.04999923706055,35.04999923706055,0,0.0,0.0,0.0
2026-01-26 00:00:00-05:00,35.13999938964844,35.13999938964844,35.13999938964844,35.13999938964844,0,0.0,0.0,0.0
2026-01-27 00:00:00-05:00,34.56999969482422,34.56999969482422,34.56999969482422,34.56999969482422,0,0.0,0.0,0.0
2026-01-28 00:00:00-05:00,34.709999084472656,34.709999084472656,34.709999084472656,34.709999084472656,0,0.0,0.0,0.0
2026-01-29 00:00:00-05:00,34.709999084472656,34.709999084472656,34.709999084472656,34.709999084472656,0,0.0,0.0,0.0
2026-01-30 00:00:00-05:00,34.630001068115234,34.630001068115234,34.630001068115234,34.630001068115234,0,0.0,0.0,0.0
2026-02-02 00:00:00-05:00,34.779998779296875,34.779998779296875,34.779998779296875,34.779998779296875,0,0.0,0.0,0.0
2026-02-03 00:00:00-05:00,34.529998779296875,34.529998779296875,34.529998779296875,34.529998779296875,0,0.0,0.0,0.0
2026-02-04 00:00:00-05:00,34.709999084472656,34.709999084472656,34.709999084472656,34.709999084472656,0,0.0,0.0,0.0
2026-02-05 00:00:00-05:00,34.220001220703125,34.220001220703125,34.220001220703125,34.220001220703125,0,0.0,0.0,0.0
2026-02-06 00:00:00-05:00,34.4900016784668,34.4900016784668,34.4900016784668,34.4900016784668,0,0.0,0.0,0.0
2026-02-09 00:00:00-05:00,34.290000915527344,34.290000915527344,34.290000915527344,34.290000915527344,0,0.0,0.0,0.0
2026-02-10 00:00:00-05:00,34.2400016784668,34.2400016784668,34.2400016784668,34.2400016784668,0,0.0,0.0,0.0
2026-02-11 00:00:00-05:00,34.400001525878906,34.400001525878906,34.400001525878906,34.400001525878906,0,0.0,0.0,0.0
2026-02-12 00:00:00-05:00,34.16999816894531,34.16999816894531,34.16999816894531,34.16999816894531,0,0.0,0.0,0.0
